480,10,5,16
-0.520236860864852,-0.5230148790725953,-0.46187055834217294,0.2831186406005979,0.329874115314555
-0.42338075912973183,0.8421923472383472,0.12768400083722953,-0.8894731984277389,0.830964815097321
-0.4422984790460309,0.2953150704476579,0.14066871810095538,-0.3152775103938501,0.4083341157236082
0.07706743566661056,0.827756549377842,-0.3090205278454343,0.8088185512321673,0.8441995796186801
0.7169270386218642,-0.7750860089056617,-0.5530377838292535,0.8643422742326186,0.9853430409876449
0.949844478197819,-0.946415216022698,-0.1741985801791064,-0.8512985665749646,0.0361539802825257
-0.05024853632042103,0.7246405177127808,-0.6358557269581457,-0.7346939410692259,0.3218048128308293
0.9956017428422796,-0.4094238668700041,-0.4374031224805699,-0.5769822809173826,0.1186644937942849
-0.7556852649185137,-0.8712775794471888,0.37423588864484936,0.12388045073744691,-0.7597397046203223
0.9973504559600745,0.31285587655885383,0.49992297813674424,-0.49033368128246835,0.7233081207131344
-0.8561389928591323,-0.9187374320509722,0.7943692450765547,-0.9611286405969368,-0.3292833836628082
-0.3484097092583367,0.18160903562046804,0.8112955962661157,-0.024548582410803377,0.2385922672716334
0.7773101134757541,-0.8019332807997075,0.9919599247760291,-0.9825404534003437,0.3798270921195559
-0.39220444209247685,-0.11522506788690268,0.7551572592865046,0.8578430408652649,-0.31724742912738524
-0.24195924653518497,0.1711974624128514,0.6667803188493115,-0.4678212987969963,0.22983256700755827
0.12140094572742299,-0.11521391985510565,0.8133501865263777,-0.716101529137313,-0.5594776349418258
-0.0746781685849407,-0.48284439717166183,0.47397649336452874,-0.42783842390038984,-0.7129961353140071
0.20017388337394548,0.1375726720063717,0.07730090137657397,0.6955158298951918,-0.4988166757801742
0.22513081174975635,-0.8268084655443981,-0.3847972427501001,0.8967548796220375,-0.018725546221890488
0.46098555582747447,-0.8872735824046871,-0.9423479665556154,-0.3174454742311279,0.8509954685981986
-0.7847555666927937,-0.5572989257953878,0.8368284557980596,0.9040098484634658,-0.5154934529577002
0.7138682497683091,-0.7851577023208112,-0.014068370009534092,-0.501769184175215,-0.2148792229210179
0.7211568353817175,-0.4609481641385633,0.7128448932775384,0.39698895561327574,0.37803227438679987
-0.7682162333768316,-0.41228169053712427,0.8312277911083581,0.4294639230663657,0.9015709023751106
-0.12658354718143072,-0.780044593477079,-0.01448028016953229,0.682689301827486,-0.27725226845028006
-0.850462290546155,-0.5411294995289198,0.34179388803772026,0.18870895573927693,0.14218587195461252
-0.4286660431079208,-0.5728471984928363,0.5607969651414662,-0.8201817523905883,-0.2533340893467395
0.6050097117325473,-0.8719898114520814,-0.6584621110793762,-0.5063058059155887,-0.10167805109481076
-0.09590340912088213,0.6950811764747777,-0.7882842799031553,0.2523588363632119,0.5157358746969634
0.5427412679935515,0.25310543678472586,-0.7040612921871896,0.605061414361298,-0.6791434459656283
-0.6499108814656245,0.2835266135793515,0.6157363249110759,-0.05268146244331673,-0.9859154312039344
-0.9160067046442748,-0.3814197862752411,-0.19986275380744756,-0.7473204087480219,0.539287471218326
0.6784368808188677,0.4302316832596249,0.7863643908509648,0.6569119857437014,-0.011822905199269096
0.09170855675520362,-0.5246757156150259,0.8644883988314258,-0.06630221608627984,0.096735143256786
0.0770278991335509,0.2525944538802307,-0.6953683666482506,-0.1302125473448863,-0.754870725976559
0.09855960648740458,0.8921594626638223,-0.28906818076799845,-0.5573474388701081,0.32807249317045084
-0.938903228797078,0.6484719656407758,-0.9394629231566243,0.5003254977519298,-0.15967702074118906
-0.6717107872947947,0.6440791097660132,0.21416565180310498,0.6337321825647997,-0.13616626768400586
-0.2868465945740848,0.26919850714561266,-0.33400216600234733,-0.302113651885074,-0.792768069541302
-0.6116426080241555,-0.27401278628754944,0.825579788961168,0.8765262950630277,-0.9669083505009837
0.5204041100614925,-0.8118319532136045,-0.5601150121838099,-0.5623158316052108,-0.39864418362448073
0.6679703292503865,0.5947808300987616,-0.07904866257170218,-0.2924427839504684,0.1915995042490548
-0.7238490699790878,0.23769417894827094,-0.6236836972505944,-0.06399519708273682,0.32173171416212965
-0.28530796714602524,0.5635983508876516,-0.3995661351254818,-0.8875352573339488,-0.300298409223662
0.30383074522573783,0.21268635036994166,-0.554828760086735,-0.43980319770978316,-0.9891460300775721
0.24288361598067065,0.0709248411605381,-0.5406928968541069,0.9819019127315425,-0.3756610387481536
0.612979935664522,-0.9815964185457919,0.13266705773515586,-0.21803516026060166,-0.44405479668162195
0.5428569355717661,-0.7848111770782775,0.1634364909339605,-0.31765748915459247,0.729825342181091
-0.1710917246498156,0.3466902541107051,-0.9072580523480942,-0.32304200620226187,-0.4313594451522351
0.8697087525765936,-0.9518794528459629,0.07299433318867754,-0.07212944188283932,0.4515231811476035
0.18471223508583035,-0.4016203033055721,0.7390485749767941,0.9509361472756477,-0.22931029244154666
0.7825450430742587,0.015161606060165145,-0.7797137591604459,0.9776655214770336,0.17295292337328738
0.7056314541825053,0.062054594990064826,0.4841249092192703,-0.23702189282916963,-0.5116315742614965
-0.7562765097579534,0.7097332352924581,0.3636484937142994,0.9977537360846849,0.06274225173911674
0.17508867100693437,0.03152637384583712,-0.4511181653576424,-0.29548868058109723,-0.7476262260626279
-0.34793096664987666,0.4696050456909122,0.6925712013101368,-0.17285898174574132,0.31008400414604465
0.43586673081406535,0.9198711339044425,0.5715310069940669,0.592683429157639,-0.5715229783205402
0.2848680553868099,0.13976196243010186,-0.7407120644430507,-0.15471681273081273,-0.15904586232470352
-0.39644201878694574,-0.5020725848381187,0.7953748003932086,0.6455541641706266,0.9377862260362397
-0.7684925866744228,0.698205186401617,0.4720491159554123,0.5066527317262774,0.056966011092755675
-0.40114632941400896,-0.11840049824112753,0.8278539053118632,0.7003621898018375,-0.7836701043722023
-0.010843389082321409,-0.7990509184984109,-0.3932618152444072,-0.947662515249212,-0.27874623370428653
-0.8624857476014298,-0.6150353353814173,-0.07858974525668838,-0.36514311168335056,0.13715159482777706
-0.6778176939927942,0.8385657248965481,-0.2068863577432758,0.5616985934196668,0.25185769870102415
0.21726425830143548,-0.9067475895766262,-0.8850240658144362,0.9375467861865852,0.4594680068037531
-0.650718597540028,0.7385673316058354,-0.07696149943552899,0.7047500068871249,0.6884709354600149
-0.15317051036988505,-0.677638828256159,-0.00279354064787829,-0.6075923305556905,-0.9608187777625015
0.535931406226624,-0.34600202960832904,-0.5203208069309317,0.5174808765863887,0.8783067753019447
-0.4601346355420355,0.5062944256379722,-0.43384755445938494,-0.6404529730529598,-0.6581894403796247
0.029852634852374438,0.5039032800184327,-0.5441556524006741,0.21592094791617966,0.12393006182358368
0.14896343691508762,-0.4534334306948553,0.9534207379359305,0.7809499430870053,-0.7441757813495731
0.3968579300939703,-0.1823315048781078,0.13410444986478143,-0.6045814409053956,-0.2558477890901303
-0.1406351055413262,-0.014704358489139091,-0.09683065998059659,0.46974136126366295,-0.08648434116121795
0.38826990372710646,0.39948376297964217,0.8781274202731937,-0.30098430616216154,-0.3572963290445841
0.5998305602899381,-0.9190067858637809,-0.48120623217128955,0.1864841906266892,0.9906717613548435
-0.8867771171148655,0.28417859449864746,-0.4023360043420332,-0.19328980537326879,-0.5005953711665392
-0.9092188032282631,-0.5557980245188836,-0.9853913982048466,0.2748046682642469,-0.8955455042504714
-0.6971694806307962,0.5120336703505719,0.10643364125171129,0.5454582127063667,-0.22523338609900345
0.7412665191077581,-0.03695613997434699,0.2000683609616516,-0.8347706077849899,0.7871621329431138
0.9900906071684292,0.5757462668742488,0.8959652450264382,-0.9219771614834307,-0.2837875183914389
0.2052695322688869,0.7033979350259836,0.17424885370970888,0.7853611723365623,0.3297639597349513
-0.05203833805679192,-0.2635730724019154,0.38968793669908,-0.9456081679309007,-0.11708420049638346
0.13076236140171837,0.08294515308607564,0.7935367522811376,-0.13011075780651593,-0.5917092502911683
-0.12616772163828593,0.00895986826015216,-0.12196685754156444,-0.7739992468807058,0.606212505078602
0.9210408354952744,0.17134597887608383,-0.9637274430293292,-0.9366424809112961,0.5972968493943056
-0.6817043489637455,-0.16575766259590696,0.736915959546679,0.9632003367199333,-0.4537725861380375
-0.4868651362032872,0.04941636483703604,-0.6795484480520122,-0.21080347886098383,0.6508995264043704
-0.5280066809305421,0.07273222805161228,0.26411322878906995,-0.31903598185439286,0.6199982212224726
0.6644687000935225,0.3734123146738342,-0.04432865996082258,-0.7036908619124784,-0.5743362095514595
-0.8458518283839964,-0.40523017467530975,-0.09174774995973811,0.16657315363841474,0.9003557415179781
0.31763652162539513,-0.3902330254077646,-0.8091575217906146,0.03009341548688682,-0.5445157991818308
-0.909449193265184,-0.6269739078288732,0.0999118241630661,0.4057372584994876,0.4235880937613745
-0.3433157533948634,0.19926558030099573,0.8121822351611898,-0.8472600380052182,-0.583648862840741
0.5817709544194536,-0.8990324277959036,-0.860654948875047,-0.7354695977814314,0.8235954492374153
0.833865547196446,0.6518272410916,-0.16360229218001088,-0.6960872840170425,0.7623529608824846
0.942914416862755,0.5676106259808589,-0.9596748784646474,0.4975101211993058,-0.36086521648725656
-0.7125810678704958,-0.6289068298246281,-0.7958360633604016,-0.9718753225888888,0.01694502490830052
0.4701552591265643,-0.8751591774766228,0.6708941713387813,-0.12625033428666255,-0.3869079133126909
-0.3655085573700456,-0.2729599227491395,0.011924819310102919,-0.34630459563379246,0.23548580830763566
-0.8287156908885982,-0.4231775469740817,0.590170193464719,0.15533560194752827,-0.4225558970129699
0.4775789588805084,-0.14438940688003998,0.2021366599255845,-0.1934873367383947,-0.4550414455369214
0.5246981544665046,0.602589569166325,0.5649921863900398,0.08754023644990361,-0.1949784818313014
0.01269728149450744,0.29804740046842015,-0.6693430402669156,-0.08353749359670148,-0.4615951499472588
-0.26087620926001476,-0.9482258252470217,-0.5660781962584518,-0.9476314477508001,0.6815611470352598
-0.03716044120890172,0.09128198066574678,0.5447496087993275,0.4647324348238411,-0.9798167206687582
-0.8239525805257442,-0.8826160373815981,0.900430359547171,0.28471358213179254,0.5467954238040991
-0.13645715715519402,0.8945773742810395,-0.07564433965697237,0.5531793095354518,0.6288947857940255
-0.0074876306840019335,-0.369131122331368,0.4189083256410919,0.29390297344439476,-0.3629047172732185
0.7681364362156051,0.11898600593878417,-0.8934308482194935,0.880966299853408,0.12359621538251564
0.8653364808261217,-0.6175749728574369,0.20796379776332974,-0.6994664293794128,-0.1971350359185151
-0.161708832548058,-0.05717185277691139,0.30987953587016714,-0.56311477339192,-0.776283660405781
0.670169656340204,-0.22523980270515898,0.6880546341672407,0.21234395682910145,-0.10283419123450455
0.3659189362757289,-0.9181660742506781,0.004058585631928402,-0.9941637391949749,0.3011820720857721
-0.5054064411190746,0.5816824295891121,-0.9379125627044615,-0.9638447923074629,-0.12001104080282277
0.19115125939058286,-0.34558435651197117,-0.24866003579301954,0.6782736343353293,-0.577869921596661
0.5434429282274882,-0.5011641877634394,0.019682037355084114,0.513248112850957,-0.4245777021001047
-0.9850584525609076,0.766352603682217,-0.802828650094549,-0.2216452820735888,0.29677414686531023
-0.22951317853968511,0.5809624129979918,0.9395327906635431,-0.06587513371931086,0.06858270688639401
0.6512455743624757,0.4239559209043644,0.0033142888782127233,-0.25719438243783754,0.4971484329785856
0.5607606762684874,-0.7954921484566893,0.6280777583152892,-0.8710504112207071,-0.39761517913365796
0.15325970493967533,0.8292038886412012,0.15223405275739577,0.4053889354343865,-0.7520993285464994
-0.3953661144908376,0.03470142279134136,0.08308409538960815,-0.08831940324221588,-0.7656275624288156
-0.04538984832336612,-0.044719272247626174,-0.8492780606051107,0.7453703157624703,-0.11775727054175489
0.7274415816018609,-0.895682275645572,0.8502751972828162,-0.8813528988875627,-0.25213063065318986
-0.7896317534502024,-0.4535432508860542,0.5314505907381557,0.29939037607565666,0.57130033549463
0.7972668403772059,0.6674313828881748,0.8925811997014785,0.5960239525880391,-0.5604763014365044
0.8669845752888823,0.7447674432666063,-0.2956966785140682,-0.9573876602543727,0.967205592084627
-0.024328300570391592,-0.09262830427668356,0.5780339612735574,0.4587241460778555,0.21481748332906347
-0.6702249176829742,-0.942783412694943,-0.26253168964620266,-0.7388466703143575,0.29503312167835816
0.724392857447677,-0.029072662694144435,-0.8505938757063489,0.7162584807275028,0.9163764383431272
-0.8341383358121048,0.5807224118320997,0.9899129262134403,0.5788650993009252,-0.0876953565819405
0.9448511028817304,0.8784366515076945,0.5223993428958806,-0.15749759950300968,-0.5742981989010032
0.006236553940257128,0.9849663199066168,0.019201234913714282,0.025367559484028135,0.7734633296657389
-0.3498929555908439,-0.8020250851360702,0.928800585789533,0.016949057267187095,-0.406842943597153
0.12320000115731444,0.2743196301549,0.4416433484921263,0.3645206240952721,0.2853878647706465
0.21955586360505697,-0.7583384804571616,0.7170127083824731,0.4466549838318683,-0.22964581431165465
-0.24206363731647174,-0.19110941159005623,-0.5857092345907797,-0.4769683875556243,0.7827980990743657
-0.4292165529056806,-0.8146816563345922,0.9709812684737085,0.3692795256775212,0.683046329484815
0.8725191564126826,0.25549931935524794,0.4047738725918699,0.19716337974379883,-0.3934516586031007
0.6895756876980748,0.055460591409414395,0.26496315973072626,-0.12732237209819286,-0.4311219305090914
0.06583715208835961,-0.6099975020983623,0.08607252036920232,-0.578119112779999,-0.5247409038617061
0.46356938885971255,0.9909188903034281,-0.3566176006684283,-0.03851541686073867,0.34980206327794194
0.9942648739713866,0.7718710497676553,-0.19143377006543338,-0.94688337381077,0.36464288291264
0.8349416740155307,-0.980868426948674,0.20497071760950103,-0.9967860538673565,0.9686939125294924
0.548965421274958,0.3922810085390074,-0.3517492986050266,-0.7718322429308151,-0.18696579153471737
0.5444883434694097,0.49391905250761603,-0.9550095786736925,0.07746503766106483,0.17039135117298398
0.21729899361316107,0.4934479055377863,0.12859939879331206,0.5892141716102244,-0.888909389576152
-0.9694353275581955,0.7900276780251025,0.1835104878478253,-0.17021804199422808,-0.7552971896548983
0.010442801485929687,0.5649108829679721,-0.9623646338929255,-0.43955068286735566,0.2193550938013944
0.5187458155500833,-0.21588819654466573,-0.3554393355175758,-0.09398598101321287,-0.5589393421759539
0.10841189988323552,0.7101832598127567,0.46658674634794317,0.5832000454914859,-0.8962169374313775
-0.10782556603320748,-0.580381182344818,-0.5409327090755305,0.7426825934779933,-0.5439010034155585
0.6763890683845442,0.1700776390624874,-0.055833152930921504,0.9206910968826438,-0.5018338866943259
-0.47199150540354684,0.5035687499729018,0.627920136283385,0.6054557521515704,-0.5606875529902533
0.6490797236746255,0.9840152378096112,-0.6263775064507193,0.22167553942977447,-0.5474691762966692
-0.2463926145001547,-0.019343048089166315,-0.7935599276527847,0.5253887789922462,0.3639530450217259
0.4059915508975367,0.41843235811846147,-0.2589060773801799,-0.04233356641895325,0.8447896721811781
-0.20776201947608364,0.12156004203340132,0.816439128889507,-0.7804539177782,-0.6116999574416653
-0.019767556489526328,-0.20653493982429572,0.9533871426474123,0.4987492657604984,-0.2262835074401024
0.997217828590993,0.49350149271303456,-0.7075569303146276,0.25983059441747636,-0.569489190198496
-0.22378665526412855,-0.41478257683264164,0.17450158071290756,0.13202386225701868,0.42124068654330715
0.766194240939944,0.5674577876851945,0.09475758965875047,0.9479990850680595,0.4647224413813129
0.8974814316260451,-0.7119794311106644,-0.4988545757052125,-0.5720920480882445,-0.7398556915427774
0.9463655749488613,0.5416804111118951,0.10680877030482128,-0.2507493115858055,0.7381470761684328
-0.12117076295903173,0.9203894372426817,-0.776436802318367,0.7957696170685893,-0.22716204057308587
0.5446046970196681,-0.6694592957968741,0.6296334942674364,0.33607532085302405,0.1155940196490357
0.8825652478596964,-0.32178596420456484,-0.37342340090722836,0.7726326799433882,-0.8034245671059757
0.5098667014966052,-0.6629878983502819,-0.3705660075111059,0.033860821697362375,-0.06340824636994236
-0.9472770434380933,0.3436332867107488,-0.6699417429214205,-0.9622655917130127,0.20502501738262424
0.3622791975655504,0.7449261042026711,0.74819470680982,0.44574995855395705,-0.34926822858181716
0.5207938519464788,0.22427902236701258,0.4490290346512871,0.8325647680025534,-0.13218842878059966
-0.15818122554323089,0.4618431978808706,-0.4832924237238836,-0.6139781060139375,0.5997908335554207
0.9609810932080964,-0.8683884432656996,0.37746003715400933,-0.519081467505061,-0.3217316328961828
-0.1912944345269274,-0.297310564976462,0.9328758565020165,0.22621504143492377,-0.9235332632663713
-0.367811331693799,-0.1973720020197809,0.10262483610102469,-0.9340896903847369,0.49651019073206304
-0.16485836619369532,-0.41891609502302374,0.2999855713446671,-0.2934733752590457,-0.700846647160575
0.42882633544450455,0.5752825693551817,0.5022251187220386,-0.5312066940394207,0.5611265752658621
0.4884122099759316,-0.9566744815963493,0.47465998909496654,0.37467586982811985,-0.3324695867021352
0.40067158398637903,-0.9844215658504207,0.7506694100414655,0.32801255637778803,0.48010973241034627
-0.7621247736427599,0.0015406714526522425,0.6429206185841758,0.5493558354775059,0.8199873080240812
-0.40208021237658165,-0.0980221623384736,0.48876241136018295,0.30683041868447325,0.7165384185014936
0.056435343044356934,-0.16787006964897855,-0.846882046655391,0.715155055683804,-0.3117517739736171
-0.543222871430108,0.27947789517958643,-0.06083921369424261,-0.8146189085002216,0.2569444939128196
0.013043680712051087,0.7708945931232742,0.043209256909495286,0.8675760532355152,-0.9712006313016754
-0.7792475066645475,0.6933708811155865,0.545765086658329,0.9691574342644635,0.1374930505765053
0.8973553432160815,-0.6749505268443023,0.347134455861527,-0.734377761271263,-0.9886189746840939
0.804791732713624,0.13982610999965983,-0.7735939586226452,0.5607361149137298,0.012131046192268347
0.9031896589693873,0.6996284293381936,0.8005624691335966,-0.2957822526357645,-0.8784091010540342
0.7055133460460667,-0.04466011274846138,-0.8450142812699148,-0.27994770947012304,-0.7368275147332186
-0.5511964616439686,-0.9129194332083306,-0.7053335721684013,-0.1543911103142439,-0.6669403997213508
0.7665782180701481,-0.8259646925684794,0.14606195718594517,0.7603478612929246,0.5329221657820238
-0.5050368472908022,0.5683817628069014,-0.19318659050790132,0.07735630350644196,0.06738880661142277
-0.8346184315458358,0.9967570793895331,0.3103144368900024,-0.07943370281420714,-0.4215481912827004
0.8690221336156831,-0.39995420520556046,-0.5991636686691999,0.2938974767018454,0.5155324219087674
0.32787013669626397,0.9821432529909506,-0.506887408312837,-0.32177569782960735,0.371642244797195
0.9794698256093359,-0.7110020018828072,-0.8592308121098209,0.791284193397473,-0.41457667567100964
0.8934669474717922,0.6118677346095183,-0.9916043106109922,0.7833959305818521,-0.8523268940620299
-0.252928600646672,0.23699476521253193,0.6367641725137652,-0.5065518443548982,0.33149214807332483
0.358343488983073,0.6172980369111034,0.4837914464167612,-0.6668993863949741,-0.7130301856813848
0.11894682573480098,0.278461685179761,0.5277588842108745,0.6867360416792954,0.03478542585507727
-0.9793028095613483,-0.8593416999074432,-0.1040888795046071,0.6068405354097577,-0.4675665320376643
0.8703083583874955,-0.10840447446060208,0.025145642081425335,-0.3775154346738938,0.22352874266063383
0.5906461050526124,-0.653232629805458,0.5850244956362622,0.06474766264924958,-0.5599377827570253
0.14093832243427817,-0.819564782840049,-0.11668010305020715,-0.5963890837581989,-0.30457611014786146
0.464238720328747,-0.2832760988952958,0.1994981524633932,0.2574017385022802,0.06994860733534591
-0.5816987816285086,-0.33778218608128596,-0.010915936053284225,0.05702901163432195,0.5478011178020539
-0.8362873422214889,0.08279176501349017,-0.07772012961777941,-0.6278863580545886,-0.786892529707353
-0.7889905590455146,0.21222429023844147,0.1934216446843504,0.31814030345056454,0.452774291017779
0.9974449093727349,0.7718579143814162,0.9495956653166469,0.15139667068180618,0.08826495657726263
-0.9149701246699715,-0.1673525958057085,-0.32256632248272066,-0.1470472996791634,-0.08894574094866958
0.9178424458966519,0.7800429400223834,-0.15986404454899428,0.5419340296435307,-0.6297861037490196
-0.1253632887229601,0.18799933718088346,-0.7110019044732232,0.5694809489219141,0.010477238881669848
0.18536206744420358,0.7577262058865619,-0.46480595724644336,0.9944801032933888,-0.936668424729719
-0.4478470882757801,-0.7199424792116054,0.12281086207444969,-0.7291926240527618,0.2533235210127245
0.6300875555696754,0.35207643873588657,-0.9396076367479724,-0.7964289846867378,-0.7652331539537267
0.6163610771805179,-0.23201072350842522,-0.39701945791853244,0.16939522975682975,-0.24743072338466954
0.7078423133772238,-0.25284940467768946,-0.7193544991158278,0.39092992522282866,-0.9251753282637234
0.7592996367980724,-0.7260322103963739,-0.5089653854539484,0.5379517807953436,-0.46487143857685664
0.6831624196180022,0.05864229767022744,-0.16891308663130822,-0.07561611006629465,0.6033606455810223
0.5572521766932605,-0.6903217906493759,-0.8693180717106255,0.755263680174683,0.7111143216084952
-0.20920050235320975,0.4258415826441835,0.07757035928958622,0.6970079890022103,0.2374655835184769
-0.24036770047117306,-0.7431004248234032,-0.07975983025237698,-0.6760666966012332,0.5287272938766976
0.09703580005281753,0.9104958046141254,-0.2841103854580953,0.34249479257845494,0.10954420681629906
-0.6890569932165431,0.31040244622244484,0.8240109766075396,-0.36357042625663727,0.4829008757960864
-0.6535024652621233,0.021765642678610364,-0.7117513288571193,-0.06429273219775555,0.29186472081607007
0.2074103238791909,-0.43733091345046393,-0.34901515636517444,0.25487208671118466,-0.8702067024243165
-0.35215837507487313,-0.382941223856881,-0.610206100771528,0.5628762156034921,-0.624548459372269
-0.03559446074653816,0.510576881998188,-0.06990340938870587,-0.6494985604742893,0.8630412284158171
-0.9617550874504157,-0.2959534411411162,-0.24408491270074784,0.8663831003834643,0.07610875983848975
-0.12784395628794165,-0.8634491780427953,0.04666822144230154,0.17540976747372894,0.21726045371273428
0.37701698534006534,-0.580033550554965,-0.1874195075014744,-0.12249460446753457,-0.368104186857364
-0.9985360998510979,0.004737632069186759,-0.11032892113811199,0.3535991298598773,0.8261554292231486
0.7138779284334216,-0.14347514276610718,0.45512960835145844,-0.10233765492394609,0.1875132469516534
0.867665889011382,-0.40385784976575523,0.2509617529745589,0.571995609877394,-0.5571199896243952
0.3111246696761112,0.38136872957488666,-0.661807930977022,0.6857470773913255,0.2659521626259227
0.08899283740140795,-0.7119051702520311,-0.3007434314472959,-0.5255728885169435,-0.24978514747466463
-0.9809372579632518,-0.6221248282604057,-0.3615576648568122,0.8485146325376167,0.4940639652419594
-0.3807594894947264,0.7492878665980787,0.12752861532178517,-0.26447491364597897,-0.00359371234960304
-0.7237380514205722,-0.4408416160681019,0.9779843402076913,-0.04872193100694622,0.23027823968620154
0.09764430146562653,-0.03417235712882394,-0.7412936211423424,0.9889142273902407,0.47684613872555426
-0.3244865053885537,0.4520482984489895,-0.4618687542495794,-0.012274792023046599,-0.06660203209035798
-0.46757158254162934,-0.7009608610246978,-0.7764176596606644,-0.8383772517054247,0.4414400181177349
-0.4465541457595039,0.8391656058480661,0.40796539924871666,-0.8848145396633356,0.9265440746448204
-0.3062602439839268,0.1855181864943607,-0.86843194868487,-0.8845020485826312,-0.5656100807671738
0.9739246634869767,0.6784170238148712,0.537539678022829,0.4898901230922408,0.8856533792346295
0.4016098044845837,-0.041166834908520356,0.4269893278969381,0.9597718764173193,-0.04427458737541601
-0.5822279107075736,0.7615281354371486,-0.20544947728642038,-0.39500032580602507,-0.8670441806919962
0.13842389224316043,-0.1642781873111281,0.5843156486804195,-0.9817204206538612,-0.6801928284866019
0.7027226618227378,-0.6752833580889381,-0.22931887482900626,-0.3225698202551843,0.5447555346850192
-0.669329351065739,0.8791905520302505,-0.03409351311657538,0.2334174081891991,0.6646111417160931
0.2815630461065568,-0.29728325802917666,0.14634722334408456,0.6608417113644636,-0.12895521252653874
0.3198481214512323,0.5239640447765366,-0.32779422582879003,0.47268031524505694,-0.25544056605852683
-0.3075431286870438,0.045071239921828266,-0.6925558951262916,-0.523855808945239,0.18889455968176216
0.19007911784529208,-0.33306454699512344,-0.9849380759517634,0.21463276425884037,-0.8513734793555108
0.22547161615290534,0.30734266502321583,-0.9365625774382391,-0.5966702718801573,0.16960338745865355
-0.8231480878572044,0.3942048183278257,0.040317133118196846,-0.8822937480374029,-0.4585435717611399
-0.7200228445984935,-0.27845857694655773,-0.42474916001208585,-0.2447666514363891,0.7421681289403148
0.31263996584064846,-0.047813806566755934,-0.012025613269996516,-0.21139027435429836,-0.12912085911317117
-0.3485377667576388,0.3474892818205404,-0.8780260712495971,-0.4256394514420996,0.23653863710498602
-0.9584282118934317,0.24825624230783583,0.4867504283349633,0.4803775340262013,0.17922856202104587
0.8704881194981458,0.7253897664348501,0.39196347846016066,0.9138505167788198,0.31734165857187024
0.0014695634552424064,0.44078479652311664,-0.7386078227211339,-0.7886435827581988,-0.1368303375598876
0.5367102532099353,-0.35174591552377166,-0.02715930401462674,0.38132463494977453,-0.27621468473810196
0.3090266712628784,-0.6326710014832795,-0.7938232742376496,0.696221976532007,-0.28316360886152214
0.5168844515789497,0.4951866285105011,0.16365565766946566,-0.4346904874060309,0.37380725367097756
-0.22720231910959043,0.2813433374545784,0.5343945057018615,-0.9819171307206336,-0.8661991330987913
-0.770694632912921,-0.12531958608262372,-0.7990581728828134,0.6607652641988495,0.41600455243697043
0.6511335554326476,-0.4872512588065909,-0.2874924185771168,0.30544994986023233,0.5524851631266361
0.6770350576044082,-0.8381904785179259,0.5697796786384739,-0.5360123126375731,0.34573137346078187
-0.8507944496694009,-0.7444559313391963,-0.35979024610820565,0.08859621793745642,0.36257999122615625
0.6369906552342204,-0.5291521613292995,0.677731879883789,-0.806226351253271,0.9170697541375681
-0.26712102728804066,-0.8798198806800672,0.6054239086023778,0.9967581824613274,0.5565143761547295
-0.8003709111247725,0.7199904443687208,-0.8151580994129202,0.26852556950004325,-0.002357051396518317
0.44387422807492616,0.19232298209432264,0.19225854169748313,-0.7921934704306477,-0.03302355267555823
-0.7906226287641949,0.9404424900506212,-0.6418463480578942,0.6548921867326756,0.11148831431604034
-0.6517593986274499,0.3112999126575964,-0.33482130215770756,-0.12685229659885788,0.7411369552535381
-0.5498215348469031,-0.39689032760044274,-0.6039223684240997,-0.3111980292810499,-0.1380118716881249
0.13328286633007158,-0.1861771712692426,0.5011441618460426,0.07227632514942606,0.8113212315271627
0.4940752345821795,0.0970184437432593,-0.20662670874552358,0.19572630405600222,0.4200599045507636
-0.9758168355836334,-0.4605967775497828,-0.9843384511557864,0.0904606656397271,0.27738482052875413
0.8466770815398965,-0.20768038265118927,0.7108184808430222,0.3236175353048887,-0.4579954181410275
0.18376709017678516,0.37585701137367944,0.4420198303900531,0.8928858440234417,-0.7013627826295672
0.5350482094954023,0.5857159033742234,0.07799860333769959,-0.5297832451334181,0.46541965481235903
-0.6856764922343417,0.5711695245680926,0.4300765816619643,-0.08371953518752662,0.5276502861724137
0.9500487853866173,0.07239612226073877,0.34293248144543576,-0.49189656911068247,-0.7656140515326932
0.4432596814510421,0.9680801265804257,-0.9853164832542878,-0.9069598216317512,0.331666814602642
0.39940459642896275,-0.5876914934876685,-0.5774603777610241,0.9414878014369801,-0.175364834521762
-0.6897305817389785,0.2922882330500818,0.9132129441671009,0.05198637705015896,-0.43892864449635827
0.3754572807179506,0.48959006922473214,-0.8537595864882386,0.26877738467427914,0.012856406350736815
0.7170067364715063,0.03526372595725813,-0.26886227468282975,0.2897159082824481,0.3412029589009402
-0.7647661543590332,-0.02957708497104239,-0.43365669442773513,-0.3863558091689512,-0.0835414123690783
-0.42603787388578707,-0.4155464172999279,-0.8478614047399649,-0.7376110363448523,-0.6932741042443358
-0.20971852610748476,-0.40925343360383093,0.6893649448457941,0.6121589646054857,0.23528572453468888
0.0699777382628266,-0.3195513935819403,0.6912702961842563,0.13837101004419194,0.20182476432683316
0.8835682700105112,0.3191031552624133,-0.4448398990617677,-0.31888715219500785,-0.9032133308134411
-0.9567107497317187,-0.7619457733910331,0.5908220174880048,0.0456790459453702,0.7431079162275562
0.29864469836891505,-0.12777089813030051,0.7251419675702673,0.07803718669146731,0.9897871519360939
0.8697874642883872,-0.6132253641543837,-0.46135239938314365,-0.9457506336904822,0.7623553202475861
0.17862699824926098,-0.6337661914407637,-0.9441666334711245,0.26241286525612106,0.03573205995894724
-0.9677645093761966,-0.8384621184488683,-0.24252103009082893,0.2533416282950174,0.7456427357695843
-0.6704902196853169,-0.333414548020446,-0.7442934280637152,-0.6611838831687813,0.6198784756646214
-0.04111198031804042,0.5791868476786777,0.3127245561604093,-0.06661374137725584,-0.6181674219015596
-0.7840239445723978,-0.5337468615540479,-0.9601282008437693,-0.7708545270458635,-0.6653148920946363
-0.29609544225172924,0.8575931567177595,0.273999174128569,-0.3268554027086419,0.07700750387402366
0.182541582287294,-0.16361007567278385,0.49012013797576826,-0.9069105874612808,-0.8182778235371784
-0.3815042381814522,0.1217867247728015,0.585375954582714,-0.5070292591848742,0.6501547655588007
-0.8684254929628039,0.6476328094374952,-0.6019445747013616,-0.008164600840740333,0.510005710781644
-0.7510530293637308,-0.45474337270322596,-0.8967987111062612,0.5584499442039066,-0.7488640453948954
-0.017932367393290516,-0.507160367246535,-0.7970313917633951,0.9854580628334311,0.021019064300111134
0.7274167836404755,-0.15430854833854735,0.7185004959942216,0.9567476469606737,0.03458054356948148
-0.8081314419749779,-0.24244753969242794,0.3841024213292765,-0.7889899331793397,-0.5962566006749916
-0.9827501627621866,-0.36206337626910745,-0.6328875792650683,0.040848567192520724,-0.4259145319161255
-0.30418760354300955,-0.3490164720665061,0.21419555375116528,-0.7638996936706748,-0.06934931336257777
0.036654071894602014,0.3883284966422591,-0.10287286787548466,0.23325535155924282,-0.9205323877784257
0.0858423450471053,-0.04516858268230717,-0.8435890426539754,0.3211782136626382,-0.680266269930869
0.7757505498905191,0.3108858238704628,-0.6524765936095263,-0.9337667040783799,0.16794140860286166
-0.5923168393203042,0.03073660151107105,-0.665749494678022,0.1694537295177223,-0.8185387752552127
0.04848535958101108,-0.40563490269008584,0.23152729534640626,-0.19025234414504966,0.9626805214839451
0.5642614367620289,-0.5602842027744406,-0.1760609203403829,-0.19947502541041828,-0.2710068551210405
-0.6589740361234735,0.6126133748336116,0.2040698676135102,0.05200163776177624,0.608678593941185
-0.9002656981762795,-0.9326575330677467,0.4498857053425691,-0.7086939040599323,-0.6420457489421922
-0.6833494901991106,0.6402367543922507,0.25788610481984287,-0.9830782143403205,0.827444987004669
0.4224801157415312,-0.5693843035645172,0.23095618176066712,-0.046989194959471625,-0.11320698890772696
0.150602172094898,-0.3697842526651496,-0.49654416523567546,0.2091430232045388,0.9718969191567062
0.24905892202022062,0.03335964127579372,0.7004514572035088,0.6168922871960958,0.46867417033276726
0.4953290035009297,0.1228167788985095,0.2611872244688265,-0.6433676702959086,-0.8487071833272204
0.20432049055110113,-0.456984481248506,-0.16211226907242215,-0.3826834828930481,-0.8035341667694775
0.5381556486223751,0.8364022653565408,0.4927170471295328,0.9448619809329404,0.026470602181875025
-0.42374648474422894,-0.21916073651209556,-0.8433237198892867,0.08136362297758115,-0.642976963369901
0.7963824928498513,0.5319663175692637,-0.8800327367257939,0.4459594201378523,0.45735332033535525
0.3795738977773073,0.2919806666832687,-0.003958472455527939,-0.1344339032723776,0.8620186200481177
0.41233166224898876,-0.0239675790685836,0.7393154132316015,-0.8657514847272629,-0.4387113630898938
-0.19552605684236157,0.7853054467391689,0.6982166040303106,0.10297970416078628,0.4226519115288927
-0.8843828303480579,0.7210448026349807,-0.34842678672615834,0.8496521139964652,0.4635814799271847
0.03518053209809002,0.309285322576174,-0.6253339131835889,-0.8136108895084118,-0.6431369745031223
0.18918076885749469,0.21607972036005907,0.9207858583848938,0.6542871249538593,0.2411814329906623
0.4677723785676302,-0.11379502142544418,0.10439964585054029,0.6509123756172126,0.09368721889962384
0.48478123251264527,0.8359831487720812,0.9753802649484009,-0.2715940892687094,-0.01342606641139854
-0.7322206124635093,-0.145207903212629,0.7507533019908732,0.2866862571434008,0.21524534113386107
-0.1067152673785976,0.1749653638297739,-0.08544903396280712,0.5381971604684217,-0.5766226046233116
0.01184877936745976,0.5221818267698743,0.7820250681769632,-0.2560666096484927,0.6288601061515142
-0.32301383850732157,-0.6806584369140005,-0.6202504318722883,-0.6652350626604824,0.007604098969157924
0.937403975245098,-0.7687975865337009,-0.47902517966391467,-0.29607607245537015,0.6078472764209766
0.4794251177986326,-0.661515193942019,-0.7946269758537914,0.8933964349440497,-0.9798826456835696
-0.47756020883750994,-0.2076885991438049,0.7598727059276971,-0.025269806690721097,-0.6575049875191425
0.7369037175715449,0.6437242266213745,0.7103895513462211,-0.6950799306854567,-0.571238431056065
0.24028432961784452,-0.780246156486899,-0.09721867490472258,0.3302582688885438,-0.6226538341076868
-0.10357849592890056,0.6662669500602496,0.2819633134691577,-0.1386862566401681,-0.4458752419501151
0.5242083721985724,-0.7641502428841263,0.6793318209871044,0.4643941977492081,0.27802225609277653
0.30426622150350857,-0.21503968026675202,0.9402504954319213,0.3213396095535035,-0.0167592406508994
-0.4070399954819266,0.05061011324364384,-0.9264808392626775,0.4853096208744483,-0.6718113893485287
-0.4874635385606023,0.5311915308724295,0.6351076968116551,-0.46506029759600276,-0.8983727129785246
0.016489717564582396,0.40777841362417133,-0.7846714198276279,-0.8842330374610512,0.46940764766696486
0.44414374573486537,-0.8321419841780346,-0.0903598983193925,0.06257991833838106,0.056948706714479824
-0.46508503533534684,-0.019301909670482065,0.8019464970894266,0.6610031099372786,0.02996836479850762
0.792527020570085,0.534179474193837,0.5370312244996045,0.3644173807529103,-0.8080244082039234
0.31908267277492586,0.3817701596450269,-0.41721632266310094,-0.5540574821115991,0.41463634992682996
0.061711110680827685,-0.8945226211614095,0.13002278572523274,-0.831657128083582,0.05722995770887107
-0.5543003006095155,0.0804727444311839,-0.9164529239963435,-0.8087634671206407,0.800166205146275
-0.9096974754675082,0.7880017541376341,-0.5434978033165065,0.7736985382695649,-0.9437981238004456
0.46377678010356815,-0.16052737886862478,-0.20508632396747473,0.891943099284805,-0.3091008196682601
0.6351679064967657,-0.9958837098801134,-0.3507471479864135,0.7794942507535736,-0.5656035922884959
0.3146532832558562,0.16961792362278683,-0.648842177239904,-0.48264262879662434,-0.9333607888308197
-0.06768236859517329,-0.12226895715802044,-0.7011284331137302,-0.9370686237030981,-0.984845725589307
-0.3149709306376589,0.9596673689202491,0.7380168264885774,-0.41796480896345534,-0.27237915881155095
0.21571747125513063,-0.869807735795969,0.8688141191520034,0.42407111322094915,-0.6580342977763114
0.31542016451029387,-0.6552964205890948,-0.8080200984354218,-0.7338662486125516,-0.21032114080905506
-0.24523228720305523,0.974843316033501,0.49574894895056265,0.3305390686674654,0.3081635343189695
0.6148265429673057,0.4316688366420385,-0.4492624197660149,-0.4544732347278817,0.17463018868162772
-0.954290079857812,0.34739452990134456,-0.9736307830110493,0.34670327885012897,0.535320962804577
-0.4544130655235046,-0.7799148062819936,-0.9960143084548556,-0.8266174673917572,0.8925168113835418
-0.8751448534421564,0.2170445568107784,-0.5852616681435274,0.5459903404267272,0.21127028375827628
0.8874271122956705,0.11448886001948755,-0.703156438900205,0.03392306232649145,0.8382644973411497
-0.340927753573534,-0.2193056848080035,0.4505443741066324,-0.3830638086109823,0.08931786124098107
0.12194008973380854,-0.2980638695513418,-0.6032024026084863,0.44112385490916917,-0.7660145585032325
0.804880714138609,-0.6432531507226922,-0.8995719943185674,0.4057072473595893,0.4232074176059062
0.7602615403646351,-0.8943641245806595,-0.5742157217014621,-0.4087695623793244,0.381478101164773
-0.6223902219258759,-0.3898358028993547,0.8313534541533409,0.849358670169635,-0.8520632996872546
0.42857589064295865,0.5981266750513587,-0.9603487064567704,0.0024460967479638107,0.7730307236552241
-0.9571167550341824,-0.8090881924609434,0.9271078628366927,-0.03576639433260387,0.7012695990358084
-0.40715472458402213,0.030003808914775165,0.8521366028169839,0.8222377073920049,-0.47865437908911845
-0.9387359976970848,-0.9894139955628529,0.8472049124968621,0.41078125275603194,0.7674177911250959
-0.4262444243894834,-0.011236471469028508,0.039167307080048674,-0.8891640627380029,-0.0688085803666898
0.8760034056279027,0.561473019382932,0.7803674946252925,-0.5564036175741001,-0.8575678273635103
-0.4721910962146074,-0.22937726472155706,-0.2508595700967817,-0.7474685273331945,0.7014724034709008
0.17733301034871118,-0.981957707689052,0.25156146803738433,0.2325696310892409,-0.5148265382212951
-0.9080919263252323,-0.910774251257082,-0.9414142454683192,0.0950467765240226,-0.06556474885138885
-0.9581444378920918,0.30779097139293743,0.96118022781875,-0.21686297241503838,-0.8517764326674451
-0.36989487969429624,0.9523728711963921,0.5809666114486753,-0.19891494645363839,-0.8261186957021147
-0.021254309464465493,-0.018372256913627316,-0.3541221417036402,-0.2544047594324437,-0.4167883424781573
-0.8402410347608587,0.20186417892880915,-0.8761850470844852,-0.18267536556716757,0.5579427527099026
0.6476054835278211,-0.9480023980614696,-0.03155735692498074,-0.4146143850941981,-0.23133897261844938
-0.21782669515136166,0.907209854015719,0.06676266789659047,-0.8810104987839571,0.3606353408931138
0.16139402059557928,0.6655520580937693,0.8474112436020524,-0.474408084557284,0.1790138537493442
-0.5199088402435652,0.13725145499189528,0.8261321323968172,-0.05337527138277087,0.27427991480613745
0.40185859407037117,-0.05998994452507023,0.8504654758138845,0.6464192061625766,-0.7289320811858571
-0.042472932938488084,-0.5700095336946209,-0.6431077113728243,-0.9157956454437988,-0.544085054093614
-0.2268523870646013,0.2949650149040177,0.5404708980142328,-0.7322358259979658,-0.8734591551519759
0.8551615457895039,-0.5598014344510731,0.05421012797186009,-0.0024521578456635496,0.898146893866437
-0.3397197868190307,-0.6069537671155207,0.5900482074671476,0.4257868522698336,0.8369780309867922
0.16395827453036493,0.21667074714801737,0.8292838625639649,0.6217714153593468,-0.7287161078620612
0.5878253460571372,-0.7252648004591198,-0.6924006853790268,-0.9227448984163413,-0.4786947878815295
-0.08572715095301087,0.7246103204438998,-0.9659873401910124,-0.5236139073362882,0.8172322424387788
0.12325724785114733,0.23861563043771405,-0.8638131520203343,0.0891917590595992,0.8319662114125965
0.9517296145292591,0.12100276287730494,0.6850275651184405,0.6329276356927611,-0.02442837047614277
-0.2458437881762039,-0.5659324511132058,0.4104769901448595,0.3949511231407168,-0.21467932546968616
-0.7644644579014397,-0.6711690481177599,-0.2033193187398592,0.424935298594842,0.6046370844842481
-0.9288025062365988,-0.8377895915814753,0.9745711979767302,0.00689392732611771,0.599474585739173
-0.790407501221041,0.7127369033666648,0.3866077448526879,0.8436611751704453,-0.015114897272939576
0.3443405584193102,-0.07271109028865674,0.36511092376876597,0.9088309873129208,0.06222541539402049
-0.5763035629963285,-0.030989756259317103,0.7927849605077573,0.8866790614361166,0.5339098698182432
0.007501040170060147,0.13318190245270767,0.8046356867605684,0.5756287060507175,0.09491117093942814
-0.05668837442009722,-0.9465892437317294,0.5821795976050836,0.7018677277735959,0.2227487892541118
0.6479959787988483,-0.6273110210179438,0.8348906101607823,0.04623671760699466,0.918818565242546
-0.7665671372854255,-0.22509942557702622,0.2912147197866306,-0.6968745298492582,0.1588300464479535
-0.2675213726288852,-0.2990443222623578,0.9326342743882967,-0.7045376733673505,0.9969458865846996
-0.7948921356317817,-0.23020425577066472,0.6756446549697541,0.5964812022659203,0.6937680451252899
0.629144556225733,-0.692808055676901,-0.0376969739586166,0.6315565768863607,-0.9273418865179706
-0.08028809105875445,0.19947101521950072,0.21008553307855848,0.8696140199301907,-0.2734501356982413
-0.06069906463654817,-0.25742783906541167,-0.3801072098797449,-0.7559523008378595,-0.6631575800225118
-0.8278013770126416,0.26302805202174717,-0.7166224836380568,-0.2503030076728603,-0.5084505893522129
-0.8142064939079074,-0.9570048016105086,0.5816505333427524,0.457703020016907,-0.6735307143166265
0.10863584694139505,-0.3344113804084574,0.1728683586641484,0.5837235915981889,0.8916224975182196
-0.7941558805279658,-0.1581807817375418,-0.7171913830454104,-0.3814757545117011,-0.22005965516446602
-0.6942568005393779,0.4879961515513651,0.6850838084190538,0.7647522768248307,-0.6544272568550353
-0.8716281472910239,0.9355509950792056,-0.9233928795963042,0.3763841625788835,0.825726143659979
0.9896563795006577,0.4804107708804142,-0.3096836371183431,0.20554390290130908,-0.34501456593907043
0.28410542543996464,-0.8458734403652404,0.21402234225542505,-0.5476696986076268,0.16172313068707078
0.8436424982622703,-0.38861242371671234,0.3830074704762607,-0.6918602773631346,-0.9118260042901225
-0.5030876588332567,-0.18744681036753175,-0.44813252917397417,0.2668086072402509,0.18717482496817794
0.05760696952792488,0.5157893814974261,-0.5546211303911825,0.9171458655083677,0.8923902449592918
-0.6235677970175433,0.7781988148841135,-0.5028749313203897,0.722991973008164,-0.13562418575130408
0.026177129726333126,0.06754920033198619,-0.7715961345760096,-0.757397294408092,0.6369243278398731
0.9028585565878575,-0.9986512037110764,0.4024747683991583,-0.9283647548793241,-0.1764954086809447
-0.5600481940633575,0.4022501816477011,0.18130446657311072,-0.8884443785690577,-0.4445510568910118
0.785623596566013,-0.6835570080417377,-0.20581713908946764,-0.10340108606441611,0.25700192868895466
-0.5880618666672552,-0.35499728156125965,0.023486944174065272,-0.4489947894793471,0.4105104066488283
-0.6357308606967302,0.7784011724162527,0.6654086954905902,0.75865820941013,-0.5410618358786385
0.7305369377426207,-0.23444554860573308,-0.7255317986013632,0.5723915603553078,-0.17565454838627592
0.8553824840527473,0.7563667363498254,0.4505486835702912,0.17412947505040255,-0.11269343952282607
0.7352726172761499,0.29658838404977295,0.45805392587799165,0.5800974580178044,0.14464153514993505
-0.9384524659153353,0.27823117317429436,-0.9152542596440523,0.1712721074046002,0.8714932855065822
-0.9601120577118047,0.44179257439646635,0.38491677708795535,-0.26104043905188967,0.22295405443784344
-0.5125450575478891,0.8725932296511651,0.12454226243567534,0.08040397520098419,-0.1153051994512373
-0.19673760539910745,-0.21302798005321555,0.3316788706562539,-0.5315088246779001,0.8223120061393174
-0.07257149760012371,0.9820071718455936,-0.14676805543749594,0.4247288038047716,-0.6305157161624322
-0.35452742461737774,0.41597010927166034,-0.48856301505025135,0.0018484908140095069,0.4105242442634278
0.5665260723136938,0.5499668101974318,0.5871205081078474,-0.7566974063463137,-0.4405317874445003
0.7498562026161157,-0.6528270963916578,-0.8957272232701421,0.49721380675316307,0.2611079668641769
-0.034999929208098024,0.7303780374907964,0.32351610686183396,0.6018105645256264,0.4409857188517252
-0.3369501551049181,-0.9603798186825592,-0.39587961468027744,-0.13507018391339587,0.6349684424354405
0.8381930824493677,-0.12262301717240853,0.509547281378226,-0.4550341226188175,-0.04042372285127782
0.7220791874297898,0.7183054861326368,-0.5806815894928954,0.6902198423404429,-0.2257539152369996
-0.2736599247160869,-0.39972123444261354,0.9717067663389627,0.9254033055328241,0.21707520773314992
-0.4663250571030262,-0.7555938099089987,-0.35469645066571576,0.6713865771760694,-0.31221301512988786
0.2902464636410391,-0.7502288020086794,0.34342088023501316,0.6682411240986494,-0.18586026519817955
0.6153736365758156,-0.4574727445962985,-0.8470496473846323,-0.27322756754706634,-0.4036934280746056
0.26527193580569763,-0.7034684841460874,-0.4602086038761557,0.45725755781889355,-0.9623359904168085
0.4802619202618603,0.979402058723593,-0.46742973537818155,0.9452904717150348,0.9038392349537843
0.49361680478217584,-0.5677245336005323,0.8008786431898995,-0.35830852511795186,-0.08381376986692501
-0.6550124071165075,-0.8846422456447702,-0.7695277861574232,0.4893698012098944,0.7976613927356975
0.4107252091774187,-0.753240149135352,-0.10962663585190935,-0.14631931575736035,0.6807968604468921
0.921666961861445,0.2142682509105005,0.6895026970394409,0.2501299911152317,-0.0934125082592816
-0.11095875319667181,0.6130893953592331,0.4789927774046685,-0.31932442477298895,0.8469732594288448
-0.7195442292778906,0.25628184079776806,0.4561353471580767,-0.23065768677518705,-0.9203613975028009
-0.6470351157937375,0.534309507250051,0.2589338635129419,0.7855821971853278,-0.9736418417597692
0.12780960406508957,0.6651616560746629,-0.6585982512436936,0.8778473239605915,0.5808752715465855
0.4163923469085187,0.1432515776847314,0.833456932042917,0.26391656205783587,-0.5398365583250164
-0.7400209164493656,-0.028917332724955225,0.10431508906739517,0.4584834788183896,0.3021696002454646
0.16632857486154484,0.13679717345475906,0.866478549919407,0.6217440087099073,-0.18527929160352063
-0.18482904023476388,-0.9611559235443325,-0.03768133249148953,-0.36019313849652757,-0.05324736259274343
0.7239927561785526,-0.0572847562798906,0.00433348758716301,-0.721836455597112,0.8716099742213725
0.01594056713069203,0.17797455151574293,-0.5833563954477752,-0.035739853672051236,-0.18030069010127492
0.36831777490940576,-0.6700993336577359,0.24249056681225123,-0.5061144018490666,-0.975794041995578
-0.7856416962844202,-0.8336801746040283,-0.6327973949229733,-0.7586677597045102,0.08670446180252078
0.9432786761283789,0.43004440453181636,0.22155590928797264,0.23787863072818127,-0.7328803809289912
-0.8889196078386332,0.47972030829727874,-0.17429612131271965,-0.08516240342267523,-0.5895120586297875
0.9496916086924654,0.6873911219991906,-0.7232476834628874,0.3851883350170586,0.6090664407739739
0.045071817857602836,-0.5275070344951114,-0.29972302796864225,0.6032281190948947,0.7654461173180049
-0.8287173360612707,-0.8973401963068419,-0.47128249061722194,0.14361152547963463,0.9333650532387621
-0.27588039303272205,0.823181912459493,0.061750350360681105,-0.6882619872520419,-0.30158425566446057
-0.8163385594875454,-0.6714872257581492,-0.8106985165787115,-0.6498494417497969,-0.24113662426772087
-0.47050086395312407,0.8747654480168578,-0.7386666928390375,-0.05661905754616514,0.01954288104283619
-0.09321169237376448,0.9222118967652135,-0.35837816587635407,-0.4984382811840966,-0.6529458988730485
0.08767223454307604,-0.11182253480556303,-0.9665178123266087,0.6208474174102212,-0.7021237342238578
-0.8246201422021768,-0.3772045914584554,0.9862261574155189,0.41697217286306043,-0.4786142679990266
0.3090856078271633,-0.2328134703855178,0.6621082038064854,-0.9861817344177299,0.5688490565458355
0.6125346824448703,0.7567408424551367,-0.26825726870057975,0.6970198112995774,-0.4612702854704922
0.052705726316378376,-0.8912084220524459,-0.7644552195662742,0.5983953949568537,0.31972615951532024
0.4355233527784499,-0.8624433761098251,0.8864679137560287,0.9688303441907196,0.5248610418778843
-0.6171923815692848,0.7910446852230852,0.9470896078805964,0.3128998069684046,-0.5328145427469626
-0.3468300768274235,0.4596406098731345,-0.47511247763540676,-0.7115287445640841,0.4477855350955815
-0.3771797554706875,-0.07256468509470171,-0.15543460715720503,0.9712118782891395,0.8328928788601639
-0.33614434962123374,0.850982389385013,-0.15349601913607813,-0.00419419215559147,-0.12128161984361041
0.33304313473496006,0.7536091729754597,-0.6473444211325854,-0.043350007309539196,0.6620943809215567
-0.42651661461928136,0.04803229765510553,0.15921364298828022,-0.642264456598804,-0.19920072014245727
0.2528427233499384,-0.5334162341016184,0.35394479860607597,-0.7374150751193187,-0.9531390010517584
-0.8196684380779744,0.7881523465432301,0.47744363267214274,0.4429232981635258,-0.7890230086580767
-0.056535072700963696,-0.782171343146008,0.45308321913050453,-0.9028241001642752,-0.49165235359708515
-0.205910090709295,-0.23920996670758443,-0.3494125134306363,-0.6741882357944651,0.018670862586678716
-0.05025054136027851,-0.8678233244242226,0.6288890079843361,0.3507519346660173,0.331672274481589
0.2896936193061823,0.5501567267564305,-0.4419174750252499,0.5991981697153583,0.8817137440782519
0.18362311292941902,0.8226559480755025,-0.31959596091084364,0.409641396648164,-0.3477416517308862
-0.4496516331426228,0.5024968142388753,-0.9533111541914017,-0.12363698804766798,-0.2418843922600704
0.5715870682835056,0.8619260681312575,-0.1860815783629466,0.4729583646222357,0.9199358970836053
0.07325526214937272,-0.6393044506124783,-0.19845964969075935,-0.337979177837882,0.4975144773576985
0.9831138188453776,0.21843749772080878,-0.6938891536967469,-0.7845112636310256,-0.8821962031235819
-0.5743339431465848,-0.8221346161896299,-0.11292097326604567,0.5558049650496424,-0.9650605256124569
0.01746617569291309,0.07333533355948174,-0.7224269172658924,0.48986722140709404,0.8192294744088446
-0.7875646988473688,-0.30908191297645815,0.6807694407903837,-0.9114728075624976,-0.30174941084513995
-0.45962172395777623,-0.5111161066267265,0.2560204449891599,-0.32891529438080647,0.8355561621887515
0.16327771828069348,0.3825014535820537,0.026517755034006996,0.030743862240744102,-0.2915973701326673
-0.8505854040085912,0.8982454117517931,0.7244018984608729,-0.4681349230261205,-0.0031809206180066774
-0.26501000125814844,0.7389569007722614,0.2428255791580367,0.5680217878035358,-0.7237554288903558
0.8980429102069343,-0.08472753195219607,-0.8968805907152795,0.6218180400327395,-0.39896841038967445
-0.006991032203663261,-0.4813231427477691,-0.15376649716816004,-0.028841552734259368,-0.8262273152561526
-0.11528421935798461,-0.6298033938385608,-0.7523674939507927,-0.05397814770487597,0.8459160294642258
0.19661147954997915,-0.64384289285359,0.6994733907921864,0.3589609407331611,0.6785302800505792
0.4723345069706577,-0.5104891084923229,0.8863978045026517,-0.9779028373802752,-0.4661390076503851
0.8380112099858508,0.37797461398585264,0.7071110562022911,-0.48659863404890014,-0.48405572455574575
-0.9859495549271124,-0.20564646994410563,0.29764845695746,-0.9433959268335952,0.1735339729521066
0.18777163766834692,-0.7643366299859979,0.7402750598118428,0.7971432540351446,-0.637596282720378
-0.33619960452627895,-0.5802992868613026,-0.2664149367911459,0.842637900163772,0.3983069536591357
0.11187177669898607,-0.15621461285733984,0.9129765814750275,0.5876026941466233,0.7763853820434723
0.9429301327022073,0.8171378647790324,-0.12132063524942427,-0.1708191767722087,-0.8949314179903995
-0.7564744899661922,-0.2800750988705807,-0.3760237690036057,-0.4568387039108641,0.9166265594432268,0.01644849249612479,-0.9139101912171226,0.5740001088685522,-0.0421976595562894,0.2628985894514353,0.36281509155516756,-0.23738950644052648,0.5214635821017657,0.8678567599686262,0.8193831858842935,0.013426398167407427
0.2687535334794502,0.9751092683270761,-0.9681962601647676,-0.8308212376652804,-0.8418406520490063,0.6667743939871265,-0.4002834091346965,0.8315332941974154,-0.9385057129091781,-0.9895483895046113,0.9375399986927204,0.2390592929435167,0.9999916287072437,-0.9815896049167248,0.6603387833839347,0.5490766658370436
-0.900082616391805,0.3596162131402938,-0.7462355418852218,0.6212101029149777,0.5072138103242845,-0.9659617236272657,0.365601484202998,-0.37232705065500227,0.10783248475510998,0.9988464327820692,-0.4498033916950226,0.349244699021261,0.22742300924694292,0.27791891740203956,-0.5942728942986377,-0.4428452583982754
0.6942866751199523,0.25602640100060015,0.6660860793149785,-0.3294178391425535,-0.8564907142614651,0.4538656542344284,0.8424678987911598,-0.728241257099774,0.9894186412335244,0.3990076998014085,-0.050751426261597565,0.804877276686145,0.03933403850259043,0.6109511695873941,-0.8908288056951843,-0.04353961574430354
-0.6609135665117356,-0.462374743949415,-0.24498415974450416,-0.6458117190242525,-0.37135053783865724,-0.9445865214508675,-0.9631603802825683,-0.21377069081503386,0.5734486220975255,-0.8371473130607778,0.7734168996385489,-0.6015857101156972,-0.5129531175302708,-0.31987722252686046,-0.2627047814981647,0.6454913317489719
